{
	"info": {
		"_postman_id": "cb6ce96b-14b9-4f1f-91d4-6a65c1f09ca4",
		"name": "ServiceNow OAuth May",
		"schema": "https://schema.getpostman.com/json/collection/v2.1.0/collection.json",
		"_exporter_id": "15867187"
	},
	"item": [
		{
			"name": "Incidents Oauth Method 1",
			"item": [
				{
					"name": "Get all the records from Incidents",
					"request": {
						"auth": {
							"type": "noauth"
						},
						"method": "GET",
						"header": [
							{
								"key": "Authorization",
								"value": "Bearer yqgAZuWaMONvet-lSy8UYMGP3qjU9yngL5M7Ile_tyhGl9VQ5bsY8OvL-tlbxmtKzioZlrHxQMfJUgYy1jBPmA",
								"type": "text"
							}
						],
						"url": {
							"raw": "https://{{server}}/api/now/table/{{table_name}}",
							"protocol": "https",
							"host": [
								"{{server}}"
							],
							"path": [
								"api",
								"now",
								"table",
								"{{table_name}}"
							],
							"query": [
								{
									"key": "sysparm_fields",
									"value": "number,sys_id",
									"disabled": true
								},
								{
									"key": "category",
									"value": "software",
									"disabled": true
								}
							]
						}
					},
					"response": []
				}
			]
		},
		{
			"name": "Incidents Oauth Method 2",
			"item": [
				{
					"name": "Getting the Access Code",
					"event": [
						{
							"listen": "prerequest",
							"script": {
								"exec": [
									""
								],
								"type": "text/javascript"
							}
						},
						{
							"listen": "test",
							"script": {
								"exec": [
									""
								],
								"type": "text/javascript"
							}
						}
					],
					"request": {
						"auth": {
							"type": "noauth"
						},
						"method": "GET",
						"header": [
							{
								"key": "scope",
								"value": "",
								"type": "text"
							},
							{
								"key": "access_type",
								"value": "offline",
								"type": "text"
							},
							{
								"key": "response_type",
								"value": "code",
								"type": "text"
							},
							{
								"key": "redirect_uri",
								"value": "https://oauth.pstmn.io/v1/callback",
								"type": "text"
							},
							{
								"key": "client_id",
								"value": "78bf697b24b3011064f756607e1dfda4",
								"type": "text"
							}
						],
						"url": {
							"raw": "https://dev106678.service-now.com/oauth_auth.do?response_type=code&redirect_uri=https://oauth.pstmn.io/v1/callback&client_id=78bf697b24b3011064f756607e1dfda4&state=123",
							"protocol": "https",
							"host": [
								"dev106678",
								"service-now",
								"com"
							],
							"path": [
								"oauth_auth.do"
							],
							"query": [
								{
									"key": "response_type",
									"value": "code"
								},
								{
									"key": "redirect_uri",
									"value": "https://oauth.pstmn.io/v1/callback"
								},
								{
									"key": "client_id",
									"value": "78bf697b24b3011064f756607e1dfda4"
								},
								{
									"key": "state",
									"value": "123"
								},
								{
									"key": "category",
									"value": "software",
									"disabled": true
								}
							]
						}
					},
					"response": []
				},
				{
					"name": "Getting Refresh Token",
					"event": [
						{
							"listen": "prerequest",
							"script": {
								"exec": [
									""
								],
								"type": "text/javascript"
							}
						},
						{
							"listen": "test",
							"script": {
								"exec": [
									"var response = pm.response.json();\r",
									"var referesh_token = response.refresh_token;\r",
									"\r",
									"pm.globals.set(\"refresh_token\", referesh_token);"
								],
								"type": "text/javascript"
							}
						}
					],
					"request": {
						"auth": {
							"type": "noauth"
						},
						"method": "POST",
						"header": [
							{
								"key": "scope",
								"value": "",
								"type": "text"
							},
							{
								"key": "access_type",
								"value": "offline",
								"type": "text"
							},
							{
								"key": "response_type",
								"value": "code",
								"type": "text"
							},
							{
								"key": "redirect_uri",
								"value": "https://oauth.pstmn.io/v1/callback",
								"type": "text"
							},
							{
								"key": "client_id",
								"value": "78bf697b24b3011064f756607e1dfda4",
								"type": "text"
							}
						],
						"body": {
							"mode": "urlencoded",
							"urlencoded": [
								{
									"key": "grant_type",
									"value": "authorization_code",
									"type": "text"
								},
								{
									"key": "code",
									"value": "_JXXNiLWWFzPoU-6DbrS8G9XbP_gheLvatdLUpdqoWNYaU_XI7uD6k_zeIa1V6zej2RSQoRg4kpOa_ZOtWOHWA",
									"type": "text"
								},
								{
									"key": "redirect_uri",
									"value": "https://oauth.pstmn.io/v1/callback",
									"type": "text"
								},
								{
									"key": "client_id",
									"value": "{{client_id}}",
									"type": "text"
								},
								{
									"key": "client_secret",
									"value": "admin",
									"type": "text"
								}
							]
						},
						"url": {
							"raw": "https://dev106678.service-now.com/oauth_token.do",
							"protocol": "https",
							"host": [
								"dev106678",
								"service-now",
								"com"
							],
							"path": [
								"oauth_token.do"
							],
							"query": [
								{
									"key": "grant_type",
									"value": "authorization_code",
									"disabled": true
								},
								{
									"key": "code",
									"value": "smSi02ps45UlCUXU5609XeUzl2VHN5wdD7hhKRwI4Yces62i7jqAQJgZaTW9m6fQZ_8tEVqMIpNiUJTclImnNQ",
									"disabled": true
								},
								{
									"key": "redirect_uri",
									"value": "https://oauth.pstmn.io/v1/callback",
									"disabled": true
								},
								{
									"key": "client_id",
									"value": "78bf697b24b3011064f756607e1dfda4",
									"disabled": true
								},
								{
									"key": "client_secret",
									"value": "admin",
									"disabled": true
								},
								{
									"key": "sysparm_fields",
									"value": "number,sys_id",
									"disabled": true
								},
								{
									"key": "category",
									"value": "software",
									"disabled": true
								}
							]
						}
					},
					"response": []
				},
				{
					"name": "Getting the Access Token",
					"event": [
						{
							"listen": "prerequest",
							"script": {
								"exec": [
									""
								],
								"type": "text/javascript"
							}
						},
						{
							"listen": "test",
							"script": {
								"exec": [
									"console.log(pm.response.json().access_token)\r",
									"pm.globals.set(\"access_token\", pm.response.json().access_token);"
								],
								"type": "text/javascript"
							}
						}
					],
					"request": {
						"auth": {
							"type": "noauth"
						},
						"method": "POST",
						"header": [],
						"body": {
							"mode": "urlencoded",
							"urlencoded": [
								{
									"key": "grant_type",
									"value": "refresh_token",
									"type": "text"
								},
								{
									"key": "username",
									"value": "sampleOauth",
									"type": "text",
									"disabled": true
								},
								{
									"key": "password",
									"value": ";.-gn^d83vB@]51O%bB#$+MrY4X$PSGi.^:$?L,OeV3zn000KYK?$g}qW;),udN[hrfH!+u4*GUp}$g6,",
									"type": "text",
									"disabled": true
								},
								{
									"key": "client_id",
									"value": "78bf697b24b3011064f756607e1dfda4",
									"type": "text"
								},
								{
									"key": "client_secret",
									"value": "admin",
									"type": "text"
								},
								{
									"key": "refresh_token",
									"value": "6ZrBC77WV9r0haCvQD8iDju_r6mA1SFUqx-WD5TK0vbE34LRTolzi4lB0jA7Wswe90vgb8AuhXZZBv_bE8ZK_g",
									"type": "text"
								}
							]
						},
						"url": {
							"raw": "https://{{server}}/oauth_token.do",
							"protocol": "https",
							"host": [
								"{{server}}"
							],
							"path": [
								"oauth_token.do"
							],
							"query": [
								{
									"key": "sysparm_fields",
									"value": "number,sys_id",
									"disabled": true
								},
								{
									"key": "category",
									"value": "software",
									"disabled": true
								}
							]
						}
					},
					"response": []
				},
				{
					"name": "Get Incident Details",
					"request": {
						"auth": {
							"type": "bearer",
							"bearer": [
								{
									"key": "token",
									"value": "UPBR-rGX-8WQrnN3_Bw5lz041q9r8uoZKl5XbREuj_iPmN9MdZCsW2Y09aPkWOZHwJpb3U1AzR9HZp8cvlIigA",
									"type": "string"
								}
							]
						},
						"method": "GET",
						"header": [],
						"url": {
							"raw": "https://{{server}}/api/now/table/incident",
							"protocol": "https",
							"host": [
								"{{server}}"
							],
							"path": [
								"api",
								"now",
								"table",
								"incident"
							],
							"query": [
								{
									"key": "sysparm_fields",
									"value": "number,sys_id",
									"disabled": true
								}
							]
						}
					},
					"response": []
				}
			]
		},
		{
			"name": "Incidents Oauth Method 3",
			"item": [
				{
					"name": "Getting Refresh Token",
					"event": [
						{
							"listen": "prerequest",
							"script": {
								"exec": [
									""
								],
								"type": "text/javascript"
							}
						},
						{
							"listen": "test",
							"script": {
								"exec": [
									""
								],
								"type": "text/javascript"
							}
						}
					],
					"request": {
						"auth": {
							"type": "oauth2",
							"oauth2": [
								{
									"key": "useBrowser",
									"value": false,
									"type": "boolean"
								},
								{
									"key": "clientSecret",
									"value": "sample",
									"type": "string"
								},
								{
									"key": "clientId",
									"value": "accae8b311330110bc130419428748f1",
									"type": "string"
								},
								{
									"key": "redirect_uri",
									"value": "https://oauth.pstmn.io/v1/callback",
									"type": "string"
								},
								{
									"key": "state",
									"value": "abc&",
									"type": "string"
								},
								{
									"key": "tokenName",
									"value": "New Token",
									"type": "string"
								},
								{
									"key": "scope",
									"value": "",
									"type": "string"
								},
								{
									"key": "grant_type",
									"value": "authorization_code",
									"type": "string"
								},
								{
									"key": "accessTokenUrl",
									"value": "https://dev106678.service-now.com/acces_token.do",
									"type": "string"
								},
								{
									"key": "client_authentication",
									"value": "header",
									"type": "string"
								},
								{
									"key": "authUrl",
									"value": "https://dev106678.service-now.com/oauth_auth.do",
									"type": "string"
								},
								{
									"key": "addTokenTo",
									"value": "header",
									"type": "string"
								}
							]
						},
						"method": "POST",
						"header": [],
						"body": {
							"mode": "urlencoded",
							"urlencoded": [
								{
									"key": "grant_type",
									"value": "password",
									"type": "text"
								},
								{
									"key": "username",
									"value": "abraham.lincoln",
									"type": "text"
								},
								{
									"key": "password",
									"value": "g>$rUiHP-bD;a&l^8^",
									"type": "text"
								},
								{
									"key": "client_id",
									"value": "78bf697b24b3011064f756607e1dfda4",
									"type": "text"
								},
								{
									"key": "client_secret",
									"value": "admin",
									"type": "text"
								}
							]
						},
						"url": {
							"raw": "https://{{server}}/oauth_token.do",
							"protocol": "https",
							"host": [
								"{{server}}"
							],
							"path": [
								"oauth_token.do"
							],
							"query": [
								{
									"key": "sysparm_fields",
									"value": "number,sys_id",
									"disabled": true
								},
								{
									"key": "category",
									"value": "software",
									"disabled": true
								}
							]
						}
					},
					"response": []
				},
				{
					"name": "Access Token generation from Refresh Token",
					"event": [
						{
							"listen": "prerequest",
							"script": {
								"exec": [
									""
								],
								"type": "text/javascript"
							}
						},
						{
							"listen": "test",
							"script": {
								"exec": [
									""
								],
								"type": "text/javascript"
							}
						}
					],
					"request": {
						"auth": {
							"type": "noauth"
						},
						"method": "POST",
						"header": [],
						"body": {
							"mode": "urlencoded",
							"urlencoded": [
								{
									"key": "grant_type",
									"value": "refresh_token",
									"type": "text"
								},
								{
									"key": "username",
									"value": "sampleOauth",
									"type": "text",
									"disabled": true
								},
								{
									"key": "password",
									"value": ";.-gn^d83vB@]51O%bB#$+MrY4X$PSGi.^:$?L,OeV3zn000KYK?$g}qW;),udN[hrfH!+u4*GUp}$g6,",
									"type": "text",
									"disabled": true
								},
								{
									"key": "client_id",
									"value": "78bf697b24b3011064f756607e1dfda4",
									"type": "text"
								},
								{
									"key": "client_secret",
									"value": "admin",
									"type": "text"
								},
								{
									"key": "refresh_token",
									"value": "1978PlHDtLsb3zzwbSBKAjkOGuu_JhawQ5HSMOdFWRJ6aCM6ClvBW2REelnxADRFsNClcPkbAjOsLXzaxd5pJA",
									"type": "text"
								}
							]
						},
						"url": {
							"raw": "https://{{server}}/oauth_token.do",
							"protocol": "https",
							"host": [
								"{{server}}"
							],
							"path": [
								"oauth_token.do"
							],
							"query": [
								{
									"key": "sysparm_fields",
									"value": "number,sys_id",
									"disabled": true
								},
								{
									"key": "category",
									"value": "software",
									"disabled": true
								}
							]
						}
					},
					"response": []
				},
				{
					"name": "Create Incident",
					"request": {
						"auth": {
							"type": "bearer",
							"bearer": [
								{
									"key": "token",
									"value": "9ajjNNRUdxbcz370eFdzkeEbetH-M-TJuanUDJRwknYeTWDB4tQduwntK37j5xCshQbV9CzOKhMGNMro0gZgkQ",
									"type": "string"
								}
							]
						},
						"method": "POST",
						"header": [],
						"url": {
							"raw": "https://{{server}}/api/now/table/incident",
							"protocol": "https",
							"host": [
								"{{server}}"
							],
							"path": [
								"api",
								"now",
								"table",
								"incident"
							],
							"query": [
								{
									"key": "sysparm_fields",
									"value": "number,sys_id",
									"disabled": true
								}
							]
						}
					},
					"response": []
				}
			]
		}
	],
	"auth": {
		"type": "basic",
		"basic": [
			{
				"key": "password",
				"value": "v*CJ@eHh3Ls1",
				"type": "string"
			},
			{
				"key": "username",
				"value": "admin",
				"type": "string"
			}
		]
	},
	"event": [
		{
			"listen": "prerequest",
			"script": {
				"type": "text/javascript",
				"exec": [
					""
				]
			}
		},
		{
			"listen": "test",
			"script": {
				"type": "text/javascript",
				"exec": [
					""
				]
			}
		}
	],
	"variable": [
		{
			"key": "table_name",
			"value": "incident",
			"type": "string"
		},
		{
			"key": "client_id",
			"value": "78bf697b24b3011064f756607e1dfda4",
			"type": "string"
		}
	]
}