{
	"id": "966336c5-2191-4412-8c5d-6b8463c476b5",
	"values": [
		{
			"key": "sys_id_incident",
			"value": "INC",
			"type": "default",
			"enabled": true
		},
		{
			"key": "sys_id_change_request",
			"value": "",
			"type": "default",
			"enabled": true
		},
		{
			"key": "Jira_issue_id",
			"value": "",
			"type": "default",
			"enabled": true
		},
		{
			"key": "booking",
			"value": "",
			"type": "any",
			"enabled": true
		},
		{
			"key": "Issue_Key",
			"value": "",
			"type": "any",
			"enabled": true
		},
		{
			"key": "table_name1",
			"value": "incident",
			"type": "default",
			"enabled": true
		},
		{
			"key": "exceltoJson",
			"value": "",
			"type": "any",
			"enabled": true
		},
		{
			"key": "refresh_token",
			"value": "",
			"type": "any",
			"enabled": true
		},
		{
			"key": "access_token",
			"value": "",
			"type": "any",
			"enabled": true
		}
	],
	"name": "Globals",
	"_postman_variable_scope": "globals",
	"_postman_exported_at": "2022-06-11T07:15:39.204Z",
	"_postman_exported_using": "Postman/9.21.2"
}